,f_seconds_in_day,f_diurnal_sin,f_diurnal_cos,f_weekday,f_is_business_hours,f_inter_event_dt_log,f_host_evt_rate_60s,f_host_proc_create_60s,f_host_netconn_60s,f_distinct_dstport_300s,f_distinct_dstip_300s,f_adminport_conn_60s,f_inbound_adminport_60s,f_inbound_peers_300s,f_lolbin_parent_child,f_remote_exec_parent,f_remote_exec_after_inbound,f_image_is_lolbin,f_exec_from_staging,f_cmdline_len,f_cmdline_entropy,f_cmdline_susp,f_integrity_high,f_admin_port_flag,f_initiated,f_is_ipv6,f_lsass_access,f_cred_access_mask,f_exec_file_drop,f_file_drop_staging,f_host_out_degree_1h,f_rare_dst_pair,f_distinct_users_60s,f_explicit_cred_4648,f_network_logon_t3,f_kerberos_tgs_4769,f_admin_share_access,f_service_install,f_sec_observed,f_net_observed,f_event_category,f_naive_relational_pid
f_seconds_in_day,1.0,-0.7564904446491819,-0.0011168571631976249,0.004209867062172835,0.20091036689703926,-0.0003245597944432071,-0.006589854933665893,0.015189176983384118,-0.03439868332209179,-0.09254013540354104,-0.01925361438886672,-0.06790085817449183,-0.07152147118950324,-0.052147030364448635,-0.001022231116640606,-0.03235236100007065,-0.02870077029487635,-0.0027213143982524543,0.008112348035334192,0.0055492136467546185,-0.003389922031529065,-0.002767190740139764,-0.012043439551988284,-0.059230876542479424,-0.014512050140866987,-0.04958967524673285,0.004006756811182651,0.0009070145982754751,0.060432620704666574,0.03174512451498059,0.0028199385833917595,-0.022630713135202884,-0.008591290832440942,,,,,,,-0.0025154437091183695,-0.007151647475923854,0.01074775448426717
f_diurnal_sin,-0.7564904446491819,1.0,0.0009778725841976582,-0.002328360900042478,-0.3712254252693279,0.0017216682989233275,0.005973588255030812,-0.016055247587283234,0.03766776785119147,0.11002373574114689,0.01745015563082394,0.09334777378177185,0.1042272639004534,0.07236014169774087,-0.000751724314075924,0.04106363582810127,0.04025928484575172,-0.001698813161251306,-0.008857318776391307,-0.010398179742705143,0.0016003296577229396,0.0020336552792275292,0.012225857843314373,0.08830671109579627,0.012005860379673342,0.06866241060387657,-0.002112817153045216,-0.0004062198542603918,-0.04103288781607097,-0.031109636750455853,-0.0004657092030822899,0.00795045368552476,0.005233173591776019,,,,,,,0.0006660793239032141,0.0024408060878713385,-0.008482691866811538
f_diurnal_cos,-0.0011168571631976249,0.0009778725841976582,1.0,0.006739667006514383,-0.8113103475005166,0.006072971368655477,-0.019921063222698723,0.004320168315745091,-0.023329175958006477,-0.02541891333155418,-0.008370321033427702,-0.032453072840069416,-0.028133909649044046,-0.00930954048902363,4.053209369166879e-05,-0.009151244654871767,-0.00551916949223329,0.0017018022435427516,-0.0031170045255353575,-0.012310914961075625,-0.011396142019478939,-0.0013392732081691527,-0.011457011132778938,-0.03025521144378505,-0.006415858994092582,-0.035953468408269136,0.0025707419903322416,0.009349297873489228,0.02407938944622223,0.0017270617193162574,0.001306284641828201,0.019148414896276843,-0.0185782021407292,,,,,,,0.0050182757296753375,-0.020862209724130023,0.03661086922793591
f_weekday,0.004209867062172835,-0.002328360900042478,0.006739667006514383,1.0,-0.002138598758011033,-4.832807730972047e-05,-0.007296419737246105,-0.13403298520931117,0.07267906866611605,0.05682411720765395,0.09420157185634687,-0.06823266052039022,-0.026894086085578698,-0.06732942618658866,-0.005850752836087017,0.007550685105497476,0.016994843040604835,-0.0044531740989942606,-0.0065485337666952225,-0.0938421499253698,-0.07708391113148985,-0.008554847714009618,-0.06422027657318677,-0.00737572425421251,0.04883395575072542,-0.055700807145599655,0.0007926982434874644,0.010143380105795886,-0.09104915485673966,-0.061778429011067205,0.1061742405984273,-0.01251113648231907,-0.00971068277470424,,,,,,,0.007591826747001661,-0.03569582105864338,0.01674567661388517
f_is_business_hours,0.20091036689703926,-0.3712254252693279,-0.8113103475005166,-0.002138598758011033,1.0,-0.004705328360798952,0.014618155140218908,-0.00016870662856880404,0.010715244189976906,-0.015612699210329796,-0.0011264478936678075,-0.01018285877388758,-0.021550483796507494,-0.017501696965276443,0.0006563570006303943,-0.009251295059107158,-0.015126368477664822,-0.00019352410654508104,0.004158587314549463,0.016155604016571557,0.011642218318195872,0.00016907335303410837,0.007914685933936684,-0.0070046098367741215,0.0023751644533066187,0.007824892390843104,-6.032713951933426e-05,-0.007863181866170226,-0.008431201146574946,0.007416510576140279,0.0022874360505917317,-0.015635842312943786,0.010124093989119896,,,,,,,-0.00537826477255054,0.015985320676487783,-0.02840757682204182
f_inter_event_dt_log,-0.0003245597944432071,0.0017216682989233275,0.006072971368655477,-4.832807730972047e-05,-0.004705328360798952,1.0,-0.11764697714364854,0.016064810535356935,-0.06903999428803008,-0.004340521678757543,-0.029407629225563947,0.010887815358268691,0.009331862432080716,0.02823186716759826,0.0007000103347828723,0.0007169585725036551,0.0003832344018083131,0.0026149052424170884,-0.006849915561576864,0.0018107978191622303,0.002136370028374248,0.0006597648706262731,0.0018407676246979022,-0.0006038960532241788,-0.01114868322902733,-0.0013285522578100723,0.004368846365216647,0.01996181538816081,-0.0007019009113129785,0.0012636868092023113,-0.02974773584086992,0.000994015167417205,-0.020020091966231807,,,,,,,-0.004704159924949714,-0.012010774399232073,0.03887542629367809
f_host_evt_rate_60s,-0.006589854933665893,0.005973588255030812,-0.019921063222698723,-0.007296419737246105,0.014618155140218908,-0.11764697714364854,1.0,-0.07558985734790441,0.5180941466232569,-0.008880862477995898,0.11292279666492179,-0.051646810984384305,-0.03955038481457809,-0.1347173272747717,-0.006083651747203496,0.0009785223676229303,0.006041251530975731,-0.014822395927995446,0.023290864414403745,-0.0064520623971985646,-0.008018170157756034,-0.00043146304559591467,-0.009023700472001576,-0.0011849558671865792,0.05810846844633625,-0.0002214565140310638,-0.011140957575930373,-0.07464159170821404,0.0013964399700683665,7.576029986638744e-05,0.1274454940655776,-0.0016710101106719095,0.09608652138614678,,,,,,,0.015452268577118513,0.053916926832990965,-0.16457509023623193
f_host_proc_create_60s,0.015189176983384118,-0.016055247587283234,0.004320168315745091,-0.13403298520931117,-0.00016870662856880404,0.016064810535356935,-0.07558985734790441,1.0,-0.42263179628152453,-0.054124701880302224,-0.3672333291166407,0.3427681912098065,0.27635800159970186,0.433713194737146,0.02763920968561096,0.17611033426948833,0.1194820535592697,0.02674046131744363,0.017955234590477667,0.374822140622739,0.3452718220405168,0.024760035557148615,0.3261066224157105,0.17668617293745914,-0.21717669930158107,0.21134141710749693,0.003788189570582363,0.11352557958603177,0.10624093323036247,0.09283079039835912,-0.43260141372692446,0.011507417310168277,0.04026472156416612,,,,,,,-0.019891800909233936,0.03498144180908709,0.20863270416252688
f_host_netconn_60s,-0.03439868332209179,0.03766776785119147,-0.023329175958006477,0.07267906866611605,0.010715244189976906,-0.06903999428803008,0.5180941466232569,-0.42263179628152453,1.0,0.1136391683296971,0.029234004085525827,-0.11344310519868588,-0.07481298161150322,-0.2410106827286579,-0.013101682730987751,-0.07480284898665021,-0.03885056246869775,-0.06093271428200766,-0.18816380715598974,-0.17338509043049005,-0.15619563667277833,-0.009807711232750272,-0.14560030299842047,-0.00666407770657867,0.19117765747395307,-0.01820201867587843,-0.010227865809199089,-0.10521746751477366,-0.10547279237953701,-0.07038337262999914,0.3733366601612504,-0.004938330231310446,-0.3057984368958339,,,,,,,0.015029200035953193,-0.11676786192147105,-0.21448318859544982
f_distinct_dstport_300s,-0.09254013540354104,0.11002373574114689,-0.02541891333155418,0.05682411720765395,-0.015612699210329796,-0.004340521678757543,-0.008880862477995898,-0.054124701880302224,0.1136391683296971,1.0,0.06139020967788063,0.5203315241950847,0.45791108757502424,0.5883337944853614,0.009389111162493882,0.07635419835296298,0.1124305100432751,0.019628180608434794,-0.042412144247920974,-0.02814076598085246,0.02477891077688081,0.018050247953950077,0.053368113432506234,0.3041770882274356,0.03613618359020915,0.3429832631055033,-0.014619926521420763,-0.05141880556188543,-0.18955471055896092,-0.12217611872279173,-0.007418183238895438,0.006867912276346693,0.02096489933954683,,,,,,,0.027881460156567082,-0.035908300032308896,-0.10118611770669417
f_distinct_dstip_300s,-0.01925361438886672,0.01745015563082394,-0.008370321033427702,0.09420157185634687,-0.0011264478936678075,-0.029407629225563947,0.11292279666492179,-0.3672333291166407,0.029234004085525827,0.06139020967788063,1.0,-0.238501535387591,-0.19405215727109754,-0.3451126998189424,-0.012850781715963667,-0.04961068851355277,-0.015446165480441209,0.005059497838407994,0.14490175112984816,-0.1539834209921356,-0.13535577932375348,-0.010080185470350918,-0.124365114890975,-0.12279549965429576,0.2058160855402336,-0.13752345769433166,-0.010163937824158142,-0.10030383862867001,-0.10075443602136995,-0.0623020312152051,0.2808996896166381,-0.0009463497784098036,0.3689995918710144,,,,,,,0.015408882092334722,0.13419542631585454,-0.2031942260450404
f_adminport_conn_60s,-0.06790085817449183,0.09334777378177185,-0.032453072840069416,-0.06823266052039022,-0.01018285877388758,0.010887815358268691,-0.051646810984384305,0.3427681912098065,-0.11344310519868588,0.5203315241950847,-0.238501535387591,1.0,0.8567593050396597,0.7644981697082819,0.025609391238930967,0.13019391166166475,0.18083938592163595,0.04296589344502857,-0.06447409182894452,0.1640985530785332,0.17937867288230305,0.03192723026815095,0.18779313528079478,0.5541837883682744,-0.1097101805286967,0.5459685880612769,0.003161982409807696,0.008910328383363935,-0.014254109245833991,-0.009703683582033761,-0.3117187015731449,0.018444257138954517,0.029394601929715984,,,,,,,0.002033944216322076,-0.008892324544185762,0.020016202134183564
f_inbound_adminport_60s,-0.07152147118950324,0.1042272639004534,-0.028133909649044046,-0.026894086085578698,-0.021550483796507494,0.009331862432080716,-0.03955038481457809,0.27635800159970186,-0.07481298161150322,0.45791108757502424,-0.19405215727109754,0.8567593050396597,1.0,0.6652848738058587,0.030099221224041614,0.14138512559064192,0.21291948556633847,0.03439656263096797,-0.05687802146013685,0.12177563324222661,0.13375690873945667,0.03730589809869354,0.14203772750880475,0.5841669217971037,-0.08545668535667894,0.5123088919676425,0.004141983125858615,0.004020135282863598,-0.012310085800766403,-0.008245727429301452,-0.2621010398443389,0.017213822711870032,0.0392569095786552,,,,,,,0.0017283487731656784,-0.012770413193250592,0.012351278055937514
f_inbound_peers_300s,-0.052147030364448635,0.07236014169774087,-0.00930954048902363,-0.06732942618658866,-0.017501696965276443,0.02823186716759826,-0.1347173272747717,0.433713194737146,-0.2410106827286579,0.5883337944853614,-0.3451126998189424,0.7644981697082819,0.6652848738058587,1.0,0.023442558762353904,0.16478111052099814,0.1407282392807208,0.045748982290075554,-0.08674132140381369,0.20156587553481373,0.2201802549169368,0.025743491521108948,0.22995602690006223,0.427151035330428,-0.18647076479614377,0.4754798845554354,0.0034712878189388416,0.07946370193030534,-0.01902791587990619,-0.01274556574444143,-0.4255081710383878,0.012653589229266847,-0.07171066101234075,,,,,,,0.002671539061481449,-0.07915272756241302,0.16978292340311107
f_lolbin_parent_child,-0.001022231116640606,-0.000751724314075924,4.053209369166879e-05,-0.005850752836087017,0.0006563570006303943,0.0007000103347828723,-0.006083651747203496,0.02763920968561096,-0.013101682730987751,0.009389111162493882,-0.012850781715963667,0.025609391238930967,0.030099221224041614,0.023442558762353904,1.0,0.16614630369932812,0.14607134650774475,0.10206933691271197,-0.0030244895161950485,0.0763897136536861,0.0826600982955345,0.20613252984352756,0.08768971159319076,-0.0011669798187143843,-0.008750695078287823,-0.0013060596655421898,-6.360029280101423e-05,-0.0006437417988013358,-0.0006281969506175736,-0.00042078836090552363,-0.014454050543227315,-0.0001867102342181716,0.0008521091642248148,,,,,,,8.819950132587274e-05,0.018447722932635503,-0.001330791116485209
f_remote_exec_parent,-0.03235236100007065,0.04106363582810127,-0.009151244654871767,0.007550685105497476,-0.009251295059107158,0.0007169585725036551,0.0009785223676229303,0.17611033426948833,-0.07480284898665021,0.07635419835296298,-0.04961068851355277,0.13019391166166475,0.14138512559064192,0.16478111052099814,0.16614630369932812,1.0,0.6898649544496519,0.011662474234308762,-0.015984664279426346,0.4610656979132076,0.4988221073175942,0.0338876989837159,0.524087446901208,-0.007023808491257475,-0.05266861123870557,-0.007860901124262996,-0.00038279691684330513,-0.003874547820012315,-0.003780986616195867,-0.0025326375100526853,-0.07947449282519765,-0.0011237700151070324,0.07748028804761167,,,,,,,0.0005308544298733587,0.11103300237133172,-0.006307798419651701
f_remote_exec_after_inbound,-0.02870077029487635,0.04025928484575172,-0.00551916949223329,0.016994843040604835,-0.015126368477664822,0.0003832344018083131,0.006041251530975731,0.1194820535592697,-0.03885056246869775,0.1124305100432751,-0.015446165480441209,0.18083938592163595,0.21291948556633847,0.1407282392807208,0.14607134650774475,0.6898649544496519,1.0,0.011284363380673472,-0.012558144694565265,0.31851429129666253,0.344397731280821,0.049403833649633605,0.36333657560932164,-0.004845479324884417,-0.036334229093116045,-0.00542296019602291,-0.0002640781776015739,-0.002672914755365794,-0.0026083701597567053,-0.0017471778605099757,-0.052287248012704186,-0.0007752495502836977,0.04925029173721872,,,,,,,0.00036621786708398047,0.07659777712330686,-0.005525648976323166
f_image_is_lolbin,-0.0027213143982524543,-0.001698813161251306,0.0017018022435427516,-0.0044531740989942606,-0.00019352410654508104,0.0026149052424170884,-0.014822395927995446,0.02674046131744363,-0.06093271428200766,0.019628180608434794,0.005059497838407994,0.04296589344502857,0.03439656263096797,0.045748982290075554,0.10206933691271197,0.011662474234308762,0.011284363380673472,1.0,-0.02888397727475154,0.04707372961157346,0.047125748596083886,0.08414667520897552,0.04440757242300306,-0.010836302000847335,-0.08537579518248715,-0.012795808271578276,-0.0006231087094785789,-0.006306906836789323,-0.006154609891850256,-0.0024878772206753433,-0.0161317969200293,1.0005544816535187e-05,0.033736450693562244,,,,,,,-0.04195232563848196,0.13647305943005486,-0.01303810876740857
f_exec_from_staging,0.008112348035334192,-0.008857318776391307,-0.0031170045255353575,-0.0065485337666952225,0.004158587314549463,-0.006849915561576864,0.023290864414403745,0.017955234590477667,-0.18816380715598974,-0.042412144247920974,0.14490175112984816,-0.06447409182894452,-0.05687802146013685,-0.08674132140381369,-0.0030244895161950485,-0.015984664279426346,-0.012558144694565265,-0.02888397727475154,1.0,0.005816114948455695,-0.002598079078012455,-0.0026192541938649663,-0.003666051620001188,-0.037812737202981825,-0.28257855032862983,-0.042319233042922226,-0.0020607907001912278,-0.020858663598369628,0.02966259169119361,0.06301524217682211,-0.02327466434558047,0.0012125990688280697,0.196518024759648,,,,,,,0.002857859674680049,0.6632088904302668,-0.043120586965380854
f_cmdline_len,0.0055492136467546185,-0.010398179742705143,-0.012310914961075625,-0.0938421499253698,0.016155604016571557,0.0018107978191622303,-0.0064520623971985646,0.374822140622739,-0.17338509043049005,-0.02814076598085246,-0.1539834209921356,0.1640985530785332,0.12177563324222661,0.20156587553481373,0.0763897136536861,0.4610656979132076,0.31851429129666253,0.04707372961157346,0.005816114948455695,1.0,0.9244561415955456,0.06728159592046247,0.8746838360319544,-0.015242796632509365,-0.11429937633230622,-0.017059422581715816,-0.000830731014699046,-0.008408393329187547,-0.00820535043525871,-0.005496231646641408,-0.1753985181040595,-0.0024387620794771685,0.10912479557713234,,,,,,,-0.037392430319513247,0.24095951316863692,-0.015812176452945012
f_cmdline_entropy,-0.003389922031529065,0.0016003296577229396,-0.011396142019478939,-0.07708391113148985,0.011642218318195872,0.002136370028374248,-0.008018170157756034,0.3452718220405168,-0.15619563667277833,0.02477891077688081,-0.13535577932375348,0.17937867288230305,0.13375690873945667,0.2201802549169368,0.0826600982955345,0.4988221073175942,0.344397731280821,0.047125748596083886,-0.002598079078012455,0.9244561415955456,1.0,0.0727348048375645,0.9461674213596575,-0.014058702846468313,-0.10542035074885128,-0.01573420931806994,-0.0007661980122525796,-0.007755210942010286,-0.007567940864238302,-0.005069272349319937,-0.1596321121665424,-0.0022493137063497185,0.09460607915060205,,,,,,,-0.0404048732831612,0.22224125108660264,-0.015182613614463542
f_cmdline_susp,-0.002767190740139764,0.0020336552792275292,-0.0013392732081691527,-0.008554847714009618,0.00016907335303410837,0.0006597648706262731,-0.00043146304559591467,0.024760035557148615,-0.009807711232750272,0.018050247953950077,-0.010080185470350918,0.03192723026815095,0.03730589809869354,0.025743491521108948,0.20613252984352756,0.0338876989837159,0.049403833649633605,0.08414667520897552,-0.0026192541938649663,0.06728159592046247,0.0727348048375645,1.0,0.07594063183866635,-0.0010106223770842487,-0.007578235818080705,-0.001131067652273734,-5.5078826611265165e-05,-0.0005574902466178159,-0.0005440281702640066,-0.0003644091583487838,-0.011438508041761723,-0.00016169391938534262,-0.004844904051191186,,,,,,,-0.08721746650718488,0.015976010298542016,-0.0011524854671664646
f_integrity_high,-0.012043439551988284,0.012225857843314373,-0.011457011132778938,-0.06422027657318677,0.007914685933936684,0.0018407676246979022,-0.009023700472001576,0.3261066224157105,-0.14560030299842047,0.053368113432506234,-0.124365114890975,0.18779313528079478,0.14203772750880475,0.22995602690006223,0.08768971159319076,0.524087446901208,0.36333657560932164,0.04440757242300306,-0.003666051620001188,0.8746838360319544,0.9461674213596575,0.07594063183866635,1.0,-0.013308058579645298,-0.09979158237951516,-0.014894103787240726,-0.0007252879687421948,-0.007341132581069218,-0.007163861520401601,-0.004798605825705538,-0.15019352963245353,-0.002129214828352451,0.08561779287801656,,,,,,,-0.03924909282496316,0.21037499836033208,-0.014270028531698663
f_admin_port_flag,-0.059230876542479424,0.08830671109579627,-0.03025521144378505,-0.00737572425421251,-0.0070046098367741215,-0.0006038960532241788,-0.0011849558671865792,0.17668617293745914,-0.00666407770657867,0.3041770882274356,-0.12279549965429576,0.5541837883682744,0.5841669217971037,0.427151035330428,-0.0011669798187143843,-0.007023808491257475,-0.004845479324884417,-0.010836302000847335,-0.037812737202981825,-0.015242796632509365,-0.014058702846468313,-0.0010106223770842487,-0.013308058579645298,1.0,-0.008392950307804549,0.6918875118564926,-0.0007951428314894371,-0.008048181134141491,-0.007853836516286005,-0.005260775289117561,-0.1617343724798716,0.0005644400277083118,0.037813829693947455,,,,,,,0.0011026867665472825,-0.02810645189663079,-0.01663780102072366
f_initiated,-0.014512050140866987,0.012005860379673342,-0.006415858994092582,0.04883395575072542,0.0023751644533066187,-0.01114868322902733,0.05810846844633625,-0.21717669930158107,0.19117765747395307,0.03613618359020915,0.2058160855402336,-0.1097101805286967,-0.08545668535667894,-0.18647076479614377,-0.008750695078287823,-0.05266861123870557,-0.036334229093116045,-0.08537579518248715,-0.28257855032862983,-0.11429937633230622,-0.10542035074885128,-0.007578235818080705,-0.09979158237951516,-0.008392950307804549,1.0,-0.02504754862312565,-0.005962444551711162,-0.06034995456672739,-0.05889264531108552,-0.03944836036768371,0.19160284150877388,0.02133661755412276,0.033033202456271976,,,,,,,0.008268588287626642,-0.2107585635464845,-0.12471037327772144
f_is_ipv6,-0.04958967524673285,0.06866241060387657,-0.035953468408269136,-0.055700807145599655,0.007824892390843104,-0.0013285522578100723,-0.0002214565140310638,0.21134141710749693,-0.01820201867587843,0.3429832631055033,-0.13752345769433166,0.5459685880612769,0.5123088919676425,0.4754798845554354,-0.0013060596655421898,-0.007860901124262996,-0.00542296019602291,-0.012795808271578276,-0.042319233042922226,-0.017059422581715816,-0.01573420931806994,-0.001131067652273734,-0.014894103787240726,0.6918875118564926,-0.02504754862312565,1.0,-0.0008899074036236914,-0.009007357789494422,-0.008789851314638763,-0.005887750845740318,-0.18269667760006456,0.0012866946812129898,0.01785490611941808,,,,,,,0.0012341042119315537,-0.03145615937397425,-0.018620682627076526
f_lsass_access,0.004006756811182651,-0.002112817153045216,0.0025707419903322416,0.0007926982434874644,-6.032713951933426e-05,0.004368846365216647,-0.011140957575930373,0.003788189570582363,-0.010227865809199089,-0.014619926521420763,-0.010163937824158142,0.003161982409807696,0.004141983125858615,0.0034712878189388416,-6.360029280101423e-05,-0.00038279691684330513,-0.0002640781776015739,-0.0006231087094785789,-0.0020607907001912278,-0.000830731014699046,-0.0007661980122525796,-5.5078826611265165e-05,-0.0007252879687421948,-0.0007951428314894371,-0.005962444551711162,-0.0008899074036236914,1.0,-0.0004386251316761425,-0.00042803336787552494,-0.00028671176946043367,-0.01079370982006206,-0.00012721839908752397,-0.007618268677641392,,,,,,,6.0096327370486644e-05,0.012011454433854183,0.04779134156605344
f_cred_access_mask,0.0009070145982754751,-0.0004062198542603918,0.009349297873489228,0.010143380105795886,-0.007863181866170226,0.01996181538816081,-0.07464159170821404,0.11352557958603177,-0.10521746751477366,-0.05141880556188543,-0.10030383862867001,0.008910328383363935,0.004020135282863598,0.07946370193030534,-0.0006437417988013358,-0.003874547820012315,-0.002672914755365794,-0.006306906836789323,-0.020858663598369628,-0.008408393329187547,-0.007755210942010286,-0.0005574902466178159,-0.007341132581069218,-0.008048181134141491,-0.06034995456672739,-0.009007357789494422,-0.0004386251316761425,1.0,-0.0043324166925657655,-0.002902004724843502,-0.10831817567910666,-0.0012876638999989466,-0.07308286542298006,,,,,,,0.0006082757826897001,0.12157609568970833,0.48372865645627466
f_exec_file_drop,0.060432620704666574,-0.04103288781607097,0.02407938944622223,-0.09104915485673966,-0.008431201146574946,-0.0007019009113129785,0.0013964399700683665,0.10624093323036247,-0.10547279237953701,-0.18955471055896092,-0.10075443602136995,-0.014254109245833991,-0.012310085800766403,-0.01902791587990619,-0.0006281969506175736,-0.003780986616195867,-0.0026083701597567053,-0.006154609891850256,0.02966259169119361,-0.00820535043525871,-0.007567940864238302,-0.0005440281702640066,-0.007163861520401601,-0.007853836516286005,-0.05889264531108552,-0.008789851314638763,-0.00042803336787552494,-0.0043324166925657655,1.0,0.5561448896849787,-0.09565142832016996,-0.0012565698497532328,-0.015134511293914747,,,,,,,0.0005935873552590484,-0.15982873642240408,-0.008956295300560477
f_file_drop_staging,0.03174512451498059,-0.031109636750455853,0.0017270617193162574,-0.061778429011067205,0.007416510576140279,0.0012636868092023113,7.576029986638744e-05,0.09283079039835912,-0.07038337262999914,-0.12217611872279173,-0.0623020312152051,-0.009703683582033761,-0.008245727429301452,-0.01274556574444143,-0.00042078836090552363,-0.0025326375100526853,-0.0017471778605099757,-0.0024878772206753433,0.06301524217682211,-0.005496231646641408,-0.005069272349319937,-0.0003644091583487838,-0.004798605825705538,-0.005260775289117561,-0.03944836036768371,-0.005887750845740318,-0.00028671176946043367,-0.002902004724843502,0.5561448896849787,1.0,-0.06444266162274988,-0.0008416945783024808,0.0004224110540187803,,,,,,,0.0003976056394863888,-0.1070588960335889,-0.0059992408680171316
f_host_out_degree_1h,0.0028199385833917595,-0.0004657092030822899,0.001306284641828201,0.1061742405984273,0.0022874360505917317,-0.02974773584086992,0.1274454940655776,-0.43260141372692446,0.3733366601612504,-0.007418183238895438,0.2808996896166381,-0.3117187015731449,-0.2621010398443389,-0.4255081710383878,-0.014454050543227315,-0.07947449282519765,-0.052287248012704186,-0.0161317969200293,-0.02327466434558047,-0.1753985181040595,-0.1596321121665424,-0.011438508041761723,-0.15019352963245353,-0.1617343724798716,0.19160284150877388,-0.18269667760006456,-0.01079370982006206,-0.10831817567910666,-0.09565142832016996,-0.06444266162274988,1.0,-0.02542125893389789,0.036887223137589666,,,,,,,0.015771059230654878,0.002153911623194425,-0.2211113225765345
f_rare_dst_pair,-0.022630713135202884,0.00795045368552476,0.019148414896276843,-0.01251113648231907,-0.015635842312943786,0.000994015167417205,-0.0016710101106719095,0.011507417310168277,-0.004938330231310446,0.006867912276346693,-0.0009463497784098036,0.018444257138954517,0.017213822711870032,0.012653589229266847,-0.0001867102342181716,-0.0011237700151070324,-0.0007752495502836977,1.0005544816535187e-05,0.0012125990688280697,-0.0024387620794771685,-0.0022493137063497185,-0.00016169391938534262,-0.002129214828352451,0.0005644400277083118,0.02133661755412276,0.0012866946812129898,-0.00012721839908752397,-0.0012876638999989466,-0.0012565698497532328,-0.0008416945783024808,-0.02542125893389789,1.0,0.006168332883329143,,,,,,,0.00017642370600558845,-0.004496874866647618,-0.0026619549675476824
f_distinct_users_60s,-0.008591290832440942,0.005233173591776019,-0.0185782021407292,-0.00971068277470424,0.010124093989119896,-0.020020091966231807,0.09608652138614678,0.04026472156416612,-0.3057984368958339,0.02096489933954683,0.3689995918710144,0.029394601929715984,0.0392569095786552,-0.07171066101234075,0.0008521091642248148,0.07748028804761167,0.04925029173721872,0.033736450693562244,0.196518024759648,0.10912479557713234,0.09460607915060205,-0.004844904051191186,0.08561779287801656,0.037813829693947455,0.033033202456271976,0.01785490611941808,-0.007618268677641392,-0.07308286542298006,-0.015134511293914747,0.0004224110540187803,0.036887223137589666,0.006168332883329143,1.0,,,,,,,0.009705724714338395,0.20699699263488722,-0.13673288764382702
f_explicit_cred_4648,,,,,,,,,,,,,,,,,,,,,,,,,,,,,,,,,,,,,,,,,,
f_network_logon_t3,,,,,,,,,,,,,,,,,,,,,,,,,,,,,,,,,,,,,,,,,,
f_kerberos_tgs_4769,,,,,,,,,,,,,,,,,,,,,,,,,,,,,,,,,,,,,,,,,,
f_admin_share_access,,,,,,,,,,,,,,,,,,,,,,,,,,,,,,,,,,,,,,,,,,
f_service_install,,,,,,,,,,,,,,,,,,,,,,,,,,,,,,,,,,,,,,,,,,
f_sec_observed,,,,,,,,,,,,,,,,,,,,,,,,,,,,,,,,,,,,,,,,,,
f_net_observed,-0.0025154437091183695,0.0006660793239032141,0.0050182757296753375,0.007591826747001661,-0.00537826477255054,-0.004704159924949714,0.015452268577118513,-0.019891800909233936,0.015029200035953193,0.027881460156567082,0.015408882092334722,0.002033944216322076,0.0017283487731656784,0.002671539061481449,8.819950132587274e-05,0.0005308544298733587,0.00036621786708398047,-0.04195232563848196,0.002857859674680049,-0.037392430319513247,-0.0404048732831612,-0.08721746650718488,-0.03924909282496316,0.0011026867665472825,0.008268588287626642,0.0012341042119315537,6.0096327370486644e-05,0.0006082757826897001,0.0005935873552590484,0.0003976056394863888,0.015771059230654878,0.00017642370600558845,0.009705724714338395,,,,,,,1.0,-0.0012852183526972088,0.0012574731196324804
f_event_category,-0.007151647475923854,0.0024408060878713385,-0.020862209724130023,-0.03569582105864338,0.015985320676487783,-0.012010774399232073,0.053916926832990965,0.03498144180908709,-0.11676786192147105,-0.035908300032308896,0.13419542631585454,-0.008892324544185762,-0.012770413193250592,-0.07915272756241302,0.018447722932635503,0.11103300237133172,0.07659777712330686,0.13647305943005486,0.6632088904302668,0.24095951316863692,0.22224125108660264,0.015976010298542016,0.21037499836033208,-0.02810645189663079,-0.2107585635464845,-0.03145615937397425,0.012011454433854183,0.12157609568970833,-0.15982873642240408,-0.1070588960335889,0.002153911623194425,-0.004496874866647618,0.20699699263488722,,,,,,,-0.0012852183526972088,1.0,0.25190834374197335
f_naive_relational_pid,0.01074775448426717,-0.008482691866811538,0.03661086922793591,0.01674567661388517,-0.02840757682204182,0.03887542629367809,-0.16457509023623193,0.20863270416252688,-0.21448318859544982,-0.10118611770669417,-0.2031942260450404,0.020016202134183564,0.012351278055937514,0.16978292340311107,-0.001330791116485209,-0.006307798419651701,-0.005525648976323166,-0.01303810876740857,-0.043120586965380854,-0.015812176452945012,-0.015182613614463542,-0.0011524854671664646,-0.014270028531698663,-0.01663780102072366,-0.12471037327772144,-0.018620682627076526,0.04779134156605344,0.48372865645627466,-0.008956295300560477,-0.0059992408680171316,-0.2211113225765345,-0.0026619549675476824,-0.13673288764382702,,,,,,,0.0012574731196324804,0.25190834374197335,1.0
