feature,n,benign_mean,attack_mean,benign_std,attack_std,constant,mi_bits,mi_over_Hy,auc_attack_positive,cliffs_delta,separability,effect_type,effect_size,p_value,test,ks_stat,js_bits,p_holm
f_image_is_lolbin,783367,0.005651231464358771,0.8868997258790483,0.07496195733367035,0.316715332932773,False,0.1695528530668824,0.7316469287419758,0.9406242472073447,0.8812484944146894,0.8812484944146894,CramersV,0.8683821204862477,0.0,chi2,,,0.0
f_diurnal_sin,783367,0.8200439061245055,0.7536607526902643,0.047825271558079044,0.04419171002227779,False,0.08675905669013258,0.374378821822875,0.18086267711990017,-0.6382746457601997,0.6382746457601997,CliffsDelta,-0.6382746457601997,0.0,mannwhitney,0.6447421558133537,0.5084200563947897,0.0
f_seconds_in_day,783367,25324.12759578572,14838.550847744424,7516.75801555144,7189.580620106195,False,0.08657671228225537,0.37359197734586697,0.19956489767324234,-0.6008702046535153,0.6008702046535153,CliffsDelta,-0.6008702046535153,0.0,mannwhitney,0.6447421558133537,0.36935791648319377,0.0
f_diurnal_cos,783367,-0.26190434808113383,0.44322733487743926,0.5066032450396027,0.4833136582356159,False,0.08523977668364573,0.36782289232632615,0.8004351023267576,0.6008702046535153,0.6008702046535153,CliffsDelta,0.6008702046535153,0.0,mannwhitney,0.6447421558133537,0.37430523983839153,0.0
f_host_out_degree_1h,783367,20.151934551841425,11.749263934481709,18.515255881135065,9.04730031459789,False,0.08360583867120736,0.3607721957032281,0.369658120942594,-0.26068375811481204,0.26068375811481204,CliffsDelta,-0.26068375811481204,0.0,mannwhitney,0.5041240423904889,0.44539765988364666,0.0
f_distinct_dstport_300s,783367,6.300697250529969,4.964668855122,3.870125603048564,2.912936311016292,False,0.046766715125581476,0.2018056486226472,0.39241963533576,-0.21516072932847996,0.21516072932847996,CliffsDelta,-0.21516072932847996,0.0,mannwhitney,0.28232110036206626,0.29103820811703596,0.0
f_host_netconn_60s,783367,23.74213006322481,15.585975836745744,40.52898218570376,33.503393926515976,False,0.038985783806257425,0.16822971993986616,0.3951911363710545,-0.20961772725789096,0.20961772725789096,CliffsDelta,-0.20961772725789096,0.0,mannwhitney,0.30470104861358094,0.08165251112857749,0.0
f_distinct_dstip_300s,783367,8.284662876184967,5.3483366611391245,6.716620825511297,4.339447989237144,False,0.038796752580117985,0.16741402080216605,0.3760403029663559,-0.24791939406728825,0.24791939406728825,CliffsDelta,-0.24791939406728825,0.0,mannwhitney,0.38396236108889226,0.3095214548505356,0.0
f_event_category,783367,10.32031073813573,15.278994213002132,8.219708122912486,4.861310373388515,False,0.03439273865226122,0.14841001581982433,0.6771852599103518,0.35437051982070367,0.35437051982070367,CramersV,0.2144556905790457,0.0,chi2,,,0.0
f_host_proc_create_60s,783367,16.221220506806684,10.05374124335849,25.46005016040262,21.69047849601812,False,0.02515945853430788,0.10856697621110648,0.40814691061716457,-0.18370617876567086,0.18370617876567086,CliffsDelta,-0.18370617876567086,0.0,mannwhitney,0.25438091599086304,0.10641828117399639,0.0
f_is_business_hours,783367,0.5950866124183821,0.17235777860502893,0.49087527554236865,0.3776911102466787,False,0.01981849546396878,0.08551988997070879,0.28863558309332343,-0.42272883381335313,0.42272883381335313,CramersV,0.1631258257180196,0.0,chi2,,,0.0
f_distinct_users_60s,783367,4.525808616934061,4.022775728451047,2.960870799693914,1.595448447695994,False,0.016937596318895833,0.07308836214099687,0.48178145742238054,-0.03643708515523891,0.03643708515523891,CliffsDelta,-0.03643708515523891,5.52039811699045e-27,mannwhitney,0.1822125165371814,0.1336338612868962,1.10407962339809e-25
f_host_evt_rate_60s,783367,12484.603766426379,10808.01851162476,7618.235929008203,7508.929827625961,False,0.010541722441677054,0.04548917171603686,0.43954764806020447,-0.12090470387959107,0.12090470387959107,CliffsDelta,-0.12090470387959107,3.807327785985595e-273,mannwhitney,0.12428999349429448,0.08238212557390377,9.518319464963988e-272
f_inter_event_dt_log,783367,0.009122464377836802,0.005099144015594977,0.10967174069178469,0.06432795801303086,False,0.0069515160402509385,0.029996872768303803,0.5902016449029883,0.18040328980597664,0.18040328980597664,CliffsDelta,0.18040328980597664,0.0,mannwhitney,0.1831979373955881,0.0010235088754351632,0.0
f_adminport_conn_60s,783367,2.8682652841932668,2.089884598463569,4.96378189351906,4.308626026044544,False,0.0064265339958020085,0.02773149360470914,0.4332156755846539,-0.1335686488306922,0.1335686488306922,CliffsDelta,-0.1335686488306922,0.0,mannwhitney,0.14266571586490073,0.0871778269446417,0.0
f_initiated,783367,0.0013650509804753932,0.045314562252529694,0.036921370726126855,0.20799315541717064,False,0.005221308128857533,0.022530756559945447,0.5219747556360272,0.04394951127205449,0.04394951127205449,CramersV,0.15246452690346876,0.0,chi2,,,0.0
f_inbound_peers_300s,783367,0.7921129503407984,0.41067379606754884,1.5055343331156668,0.8254856522929624,False,0.002853132248586321,0.012311709353244753,0.4453933476051138,-0.10921330478977243,0.10921330478977243,CliffsDelta,-0.10921330478977243,1.7231086890273659e-295,mannwhitney,0.0940229805260473,0.0251049022953931,4.4800825914711515e-294
f_exec_file_drop,783367,6.234926732977986e-05,0.011675522014281363,0.007895909060940565,0.10742068795150865,False,0.0018245921706244615,0.007873398964967287,0.5058065863734759,0.011613172746951728,0.011613172746951728,CramersV,0.09878260074015309,0.0,chi2,,,0.0
f_exec_from_staging,783367,0.0019195614856636482,0.02287725472943247,0.04377072959600291,0.14951215985824406,False,0.0017482242927247807,0.007543859695593841,0.5104788466218844,0.020957693243768727,0.020957693243768727,CramersV,0.07673884128130944,0.0,chi2,,,0.0
f_sec_observed,783367,0.9858361036748924,1.0,0.11816632500843569,0.0,False,0.0007613661204208556,0.0032854132123295854,0.5070819481625538,0.014163896325107617,0.014163896325107617,CramersV,0.02324452150349227,4.7646485047605874e-94,chi2,,,1.0958691560949351e-92
f_inbound_adminport_60s,783367,0.44612360012629043,0.300923889133304,1.6719535365429492,0.8602310470590036,False,0.00039261755596473855,0.001694205811319903,0.4810222265390816,-0.03795554692183678,0.03795554692183678,CliffsDelta,-0.03795554692183678,7.817750072895348e-64,mannwhitney,0.03927836808234275,0.010105721179481674,1.7199050160369765e-62
f_file_drop_staging,783367,0.0071250620176222905,0.018376256387695016,0.08410883133694896,0.1343077421032336,False,0.0003206479798740613,0.0013836458982476355,0.5056255971850363,0.011251194370072604,0.011251194370072604,CramersV,0.02472556688022329,3.68124164218135e-106,chi2,,,8.834979941235241e-105
f_cred_access_mask,783367,0.0031851189544425842,0.008088260178009407,0.05634690738353468,0.08957030883781876,False,0.0001363989781517783,0.0005885828026080259,0.5024515706117835,0.0049031412235669425,0.0049031412235669425,CramersV,0.01606079938732755,7.385021214889072e-46,chi2,,,1.5508544551267052e-44
f_net_observed,783367,0.9983775924692698,1.0,0.04024643244480757,0.0,False,8.667257798615072e-05,0.000374005652766587,0.5008112037653651,0.0016224075307302854,0.0016224075307302854,CramersV,0.0077441766456208755,7.1703873088638834e-12,chi2,,,1.290669715595499e-10
f_cmdline_susp,783367,2.52050229631025e-05,0.00047378929913025823,0.00502039716256791,0.021761544587420446,False,4.4431006098977655e-05,0.00019172670093855546,0.5002242921380835,0.0004485842761670078,0.0004485842761670078,CramersV,0.012651773160392872,4.884553603396263e-12,fisher,,,9.2806518464529e-11
f_is_ipv6,783367,0.0005903281693989796,0.0,0.024289497361028152,0.0,False,3.15206532876739e-05,0.00013601652082356974,0.4997048359153005,-0.0005903281693989682,0.0005903281693989682,CramersV,0.0045795817229034716,5.050077728612845e-05,chi2,,,0.0007070108820057983
f_lsass_access,783367,0.0012085145220729673,0.00023689464956512911,0.034742682894717644,0.015389559138914162,False,3.108222696292351e-05,0.0001341246430510576,0.49951419006374614,-0.0009716198725077119,0.0009716198725077119,CramersV,0.005312755589849632,2.57354425651637e-06,chi2,,,4.117670810426192e-05
f_network_logon_t3,783367,0.0005730826273715936,0.0,0.02393228371204467,0.0,False,3.059956624493307e-05,0.00013204188699266912,0.4997134586863142,-0.0005730826273715461,0.0005730826273715461,CramersV,0.004507986901068684,6.609278429171789e-05,chi2,,,0.0008592061957923326
f_integrity_high,783367,0.0008556442005895322,0.001895157196521033,0.029238879485909336,0.04349213234277561,False,2.4193595215124588e-05,0.00010439912578404094,0.5005197564979659,0.0010395129959317462,0.0010395129959317462,CramersV,0.006511454072968196,8.255384742992415e-09,chi2,,,1.4034154063087106e-07
f_lolbin_parent_child,783367,6.632900779763815e-06,0.00016921046397509222,0.0025754333197330233,0.013006991650415307,False,1.7770008736786032e-05,7.668035117556537e-05,0.5000812887815976,0.00016257756319526528,0.00016257756319526528,CramersV,0.007731655526004076,1.64034853272444e-05,fisher,,,0.00024605227990866604
f_admin_share_access,783367,0.0001910275424571979,0.0,0.013819951191491986,0.0,False,1.0197943527412009e-05,4.4005712238719455e-05,0.4999044862287714,-0.00019102754245714504,0.00019102754245714504,CramersV,0.0024374626865193228,0.030978402625549406,chi2,,,0.34076242888104347
f_remote_exec_after_inbound,783367,0.00014857697746670947,0.00033842092795018444,0.012188310069426207,0.01839310738362906,False,4.585033812214489e-06,1.9785133934381904e-05,0.5000949219752417,0.00018984395048349256,0.00018984395048349256,CramersV,0.002630022019578159,0.02663309280386865,fisher,,,0.3195971136464238
f_kerberos_tgs_4769,783367,7.826822920121303e-05,0.0,0.008846587098170159,0.0,False,4.178092963993958e-06,1.8029120889512884e-05,0.4999608658853994,-7.826822920120602e-05,7.826822920120602e-05,CramersV,0.0013322501900842076,0.1749433073287912,fisher,,,1.0
f_cmdline_len,783367,0.20751693379569075,0.6600223357812447,10.814460888735693,44.83356574065992,False,3.553891009268689e-06,1.5335592383039853e-05,0.5002619745747041,0.0005239491494082316,0.0005239491494082316,CliffsDelta,0.0005239491494082316,0.08133702958626653,mannwhitney,0.0006550819726911516,0.0,0.8133702958626653
f_service_install,783367,6.1022687173827104e-05,0.0,0.007811463589205112,0.0,False,3.257468652297927e-06,1.405648381503147e-05,0.4999694886564131,-6.102268717378401e-05,6.102268717378401e-05,CramersV,0.0010800134707053485,0.42121908837738786,fisher,,,1.0
f_remote_exec_parent,783367,0.0007508443682692639,0.00047378929913025823,0.02739125044615346,0.021761544587420443,False,3.1021882451361014e-06,1.3386424709927897e-05,0.4998614724654305,-0.00027705506913899836,0.00027705506913899836,CramersV,0.0018174280425438149,0.10771048248808268,chi2,,,0.8616838599046615
f_explicit_cred_4648,783367,5.0410045926205e-05,0.0,0.0070998242762391455,0.0,False,2.6909383563284897e-06,1.1611817484811617e-05,0.4999747949770369,-5.0410045926208014e-05,5.0410045926208014e-05,CramersV,0.0008979556058444658,0.40385682831581693,fisher,,,1.0
f_rare_dst_pair,783367,0.0002653160311905526,0.0003722630207452029,0.01628636357797977,0.019290527234593364,False,9.973514275487902e-07,4.303726511488745e-06,0.5000534734947774,0.0001069469895547126,0.0001069469895547126,CramersV,0.0010375172649405944,0.3584691487546602,chi2,,,1.0
f_naive_relational_pid,783367,2.653160311905526e-06,0.0,0.0016288502916615405,0.0,False,1.4162501700136442e-07,6.111339729636061e-07,0.49999867341984405,-2.6531603118939984e-06,2.6531603118939984e-06,CramersV,0.0,1.0,fisher,,,1.0
f_admin_port_flag,783367,0.0011581044761467623,0.0010829469694405903,0.03401122270911605,0.032890335895243906,False,1.3082049537883675e-07,5.645107819133773e-07,0.49996242124664697,-7.515750670605836e-05,7.515750670605836e-05,CramersV,0.0003229006154271968,0.7750367092621757,chi2,,,1.0
f_cmdline_entropy,783367,0.011468294263933683,0.014044075472871597,0.22804389237894712,0.2540330037775498,False,7.081246252084419e-08,3.055667880716516e-07,0.500261730349991,0.0005234606999819924,0.0005234606999819924,CliffsDelta,0.0005234606999819924,0.08162127257527445,mannwhitney,0.0006698546946038997,0.0,0.8133702958626653
f_weekday,783367,5.0,5.0,0.0,0.0,True,0.0,0.0,0.5,0.0,0.0,CramersV,0.0,1.0,constant,,,1.0
