feature,LMD,LMD_perm,Mordor,Mordor_perm,rank_LMD,rank_LMD_perm,rank_Mordor,rank_Mordor_perm,rank_gap
f_weekday,0.0889223468982714,0.009739209977759965,0.0,0.0,2.0,1.0,38.0,33.5,36.0
f_image_is_lolbin,5.87215352226626e-05,2.4931538833428136e-09,0.5394928214212149,0.046056213244101626,31.0,28.0,1.0,1.0,30.0
f_naive_relational_pid,0.006696565421823311,2.9978655182727463e-07,0.0,0.0,14.0,16.0,38.0,33.5,24.0
f_sec_observed,0.0,0.0,0.000735079208449773,4.296842676221324e-06,38.0,34.5,21.0,21.0,17.0
f_diurnal_cos,0.0007532458638978428,3.134076852262524e-07,0.062370346972693835,0.00037434083651699535,20.0,15.0,4.0,5.0,16.0
f_is_ipv6,0.0017344590078362176,-1.8242591881545423e-10,5.922314504981252e-13,-1.1102230246251565e-16,18.0,40.0,33.0,40.0,15.0
f_seconds_in_day,0.0022732946359599725,1.783334727245567e-06,0.07023466414451801,0.0003497640900606003,17.0,8.0,2.0,8.0,15.0
f_admin_port_flag,0.0042527151510558595,1.295223843733595e-08,9.708285487790437e-06,1.1845169014534918e-07,15.0,24.0,29.0,26.0,14.0
f_diurnal_sin,0.0026339982954102182,1.7715986614152967e-06,0.06692112669179441,0.0003504067945187872,16.0,9.0,3.0,7.0,13.0
f_is_business_hours,0.00032333899177994945,2.1112756751762162e-07,0.011507585500328463,9.082270662053027e-05,27.0,17.0,14.0,16.0,13.0
f_inter_event_dt_log,0.000103454470507882,-3.0769167391753174e-08,0.0010393839963265515,4.391441626738768e-06,30.0,42.0,20.0,20.0,10.0
f_inbound_adminport_60s,0.01577176282463694,3.958398656678242e-06,0.003424058215134442,8.799904974736706e-05,10.0,5.0,18.0,17.0,8.0
f_inbound_peers_300s,0.04480792262789154,5.461648828597454e-06,0.011624520200739166,0.00029954676495813626,5.0,4.0,13.0,11.0,8.0
f_network_logon_t3,0.0,0.0,5.304535186000978e-07,-6.661338147750939e-17,38.0,34.5,31.0,39.0,7.0
f_adminport_conn_60s,0.012385868858793352,2.258919031872253e-06,0.007708559433903707,0.0002348006853652329,11.0,7.0,17.0,13.0,6.0
f_lsass_access,0.0,0.0,1.0335335495847955e-07,3.248032631741893e-08,38.0,34.5,32.0,28.0,6.0
f_net_observed,4.392554195095721e-11,0.0,2.750025893570002e-05,-1.0911359653587027e-07,33.0,34.5,27.0,42.0,6.0
f_rare_dst_pair,2.4934290616235022e-06,-2.4323454361763197e-10,0.0,0.0,32.0,41.0,38.0,33.5,6.0
f_host_netconn_60s,0.08553622864202808,2.0258577910636787e-05,0.020323802703733785,0.00043565739964881447,3.0,3.0,8.0,4.0,5.0
f_host_out_degree_1h,0.5672920535271586,0.0001236592770472278,0.03947502999455372,0.0005858756610982674,1.0,2.0,6.0,3.0,5.0
f_exec_from_staging,0.0012973738937840462,1.0021262421666677e-06,0.01085784151904067,0.00010227790872670006,19.0,11.0,15.0,15.0,4.0
f_file_drop_staging,0.0001207938339919525,5.716011308720681e-09,7.941707420224941e-05,1.5705252810915837e-06,29.0,27.0,25.0,22.0,4.0
f_remote_exec_parent,0.0003904922443230101,1.338397972450167e-07,3.699799141390365e-06,-3.857038821664105e-09,26.0,18.0,30.0,41.0,4.0
f_distinct_dstip_300s,0.05664077621030682,3.033256141615759e-06,0.022458411522330458,0.0003450178008681526,4.0,6.0,7.0,9.0,3.0
f_host_evt_rate_60s,0.019955677103843373,1.1188788118232651e-08,0.011951120460325149,0.00017767915938677882,9.0,25.0,12.0,14.0,3.0
f_host_proc_create_60s,0.02554255078387869,9.608979902653302e-07,0.017276916841878428,0.0003551398885786927,6.0,12.0,9.0,6.0,3.0
f_initiated,0.006852462472408491,9.784108760957366e-08,0.00832278904351812,4.2176921809389255e-05,13.0,19.0,16.0,18.0,3.0
f_cmdline_len,0.0005416106938900512,4.0985017424333134e-08,0.000131947060806473,3.0978111267288e-07,22.0,21.0,24.0,24.0,2.0
f_cred_access_mask,0.0006126632076800996,1.5810244446967658e-09,0.0019633755997149342,2.0656574064892296e-05,21.0,29.0,19.0,19.0,2.0
f_distinct_dstport_300s,0.02032267488506378,1.5150470463964894e-06,0.016198743343630306,0.00032094744300017466,8.0,10.0,10.0,10.0,2.0
f_event_category,0.02540069029577651,8.719349627428486e-07,0.06098975215543052,0.004835866278597711,7.0,13.0,5.0,2.0,2.0
f_cmdline_entropy,0.0005090178772278062,5.843709456332391e-08,0.0005555860188065636,3.8001981850221966e-07,23.0,20.0,22.0,23.0,1.0
f_distinct_users_60s,0.00722254788199398,4.891446293786572e-07,0.014030212194633806,0.00025111240677149204,12.0,14.0,11.0,12.0,1.0
f_exec_file_drop,0.00045039842037695023,2.3411323057942467e-08,7.13459536372567e-05,1.3925939921222152e-07,25.0,22.0,26.0,25.0,1.0
f_integrity_high,0.00045102514050421566,1.532377507107441e-08,0.00020419557719882027,7.044170775571957e-08,24.0,23.0,23.0,27.0,1.0
f_admin_share_access,0.0,0.0,0.0,0.0,38.0,34.5,38.0,33.5,0.0
f_cmdline_susp,0.0,0.0,0.0,0.0,38.0,34.5,38.0,33.5,0.0
f_explicit_cred_4648,0.0,0.0,0.0,0.0,38.0,34.5,38.0,33.5,0.0
f_kerberos_tgs_4769,0.0,0.0,0.0,0.0,38.0,34.5,38.0,33.5,0.0
f_lolbin_parent_child,0.0,0.0,0.0,0.0,38.0,34.5,38.0,33.5,0.0
f_remote_exec_after_inbound,0.00014077482968917409,5.959245852338313e-09,9.825000424814054e-06,0.0,28.0,26.0,28.0,33.5,0.0
f_service_install,0.0,0.0,0.0,0.0,38.0,34.5,38.0,33.5,0.0
