feature,rf_mdi,rf_perm_auc_drop,lgbm_gain
f_image_is_lolbin,0.31176412530366193,0.046056213244101626,0.7672215175387679
f_event_category,0.05957749862075073,0.004835866278597711,0.062402005690110306
f_host_out_degree_1h,0.06744647656954617,0.0005858756610982674,0.011503583419561276
f_host_netconn_60s,0.02587065431902528,0.00043565739964881447,0.014776951088442293
f_diurnal_cos,0.11488344999701326,0.00037434083651699535,0.009857243948374414
f_host_proc_create_60s,0.019218689897771066,0.0003551398885786927,0.015335143785985788
f_diurnal_sin,0.12243859726027344,0.0003504067945187872,0.011403656123315384
f_seconds_in_day,0.09682143198399874,0.0003497640900606003,0.04364789630503729
f_distinct_dstip_300s,0.041934037186804746,0.0003450178008681526,0.00298278585785617
f_distinct_dstport_300s,0.02724012784046508,0.00032094744300017466,0.005157358846795537
f_inbound_peers_300s,0.014707875685970205,0.00029954676495813626,0.008541164715508127
f_distinct_users_60s,0.015249506711601513,0.00025111240677149204,0.012810917677666097
f_adminport_conn_60s,0.01393806836327201,0.0002348006853652329,0.001479050504535404
f_host_evt_rate_60s,0.014174125961558948,0.00017767915938677882,0.009728114959091348
f_exec_from_staging,0.00594813162583153,0.00010227790872670006,0.01576755141224981
f_is_business_hours,0.022993341495673197,9.082270662053027e-05,2.1829504983730037e-05
f_inbound_adminport_60s,0.005440105422999334,8.799904974736706e-05,0.0014080110072695507
f_initiated,0.015918862694957375,4.2176921809389255e-05,0.0007267153920788669
f_cred_access_mask,0.000504566406132789,2.0656574064892296e-05,0.0034221847932970795
f_inter_event_dt_log,0.002003088425698328,4.391441626738768e-06,7.567956695477537e-05
f_sec_observed,0.0014660807335813535,4.296842676221324e-06,4.07768331819256e-06
f_file_drop_staging,0.0001113833110916791,1.5705252810915837e-06,4.7450837312819714e-05
f_cmdline_entropy,5.9438805708755745e-05,3.8001981850221966e-07,0.0010517332319043714
f_cmdline_len,5.180978046715973e-05,3.0978111267288e-07,0.00021208434114578623
f_exec_file_drop,0.0001426919072745134,1.3925939921222152e-07,0.0
f_admin_port_flag,1.255250515785443e-05,1.1845169014534918e-07,6.8640658177264435e-06
f_integrity_high,2.5740075181159323e-05,7.044170775571957e-08,0.0003826510792164812
f_lsass_access,2.067067099169591e-07,3.248032631741893e-08,0.0
f_weekday,0.0,0.0,0.0
f_explicit_cred_4648,0.0,0.0,0.0
f_lolbin_parent_child,0.0,0.0,0.0
f_rare_dst_pair,0.0,0.0,0.0
f_remote_exec_after_inbound,0.0,0.0,1.9650000849628107e-05
f_cmdline_susp,0.0,0.0,0.0
f_naive_relational_pid,0.0,0.0,0.0
f_service_install,0.0,0.0,0.0
f_kerberos_tgs_4769,0.0,0.0,0.0
f_admin_share_access,0.0,0.0,0.0
f_network_logon_t3,7.109905642422996e-08,-6.661338147750939e-17,9.898079807759658e-07
f_is_ipv6,1.1844629009962504e-12,-1.1102230246251565e-16,0.0
f_remote_exec_parent,2.262783709754616e-06,-3.857038821664105e-09,5.136814573026114e-06
f_net_observed,5.500051787140004e-05,-1.0911359653587027e-07,0.0
